Chief complaint,CEDIS code,CEDIS complaint
DIFFICULT IN BREATHING,651,Shortness of breath
FEVER,852,Fever
ABDORMINAL PAIN,251,Abdominal pain
BLEEDING CLOTS WITH MILD LOWER ABD PAIN,455,Vaginal bleed
RE- EXTENDED ABDOMEN,263,Abdominal mass/distention
VOMITING,257,Nausea and/or vomiting
DIARRHEA,254,Diarrhea
FEVER,852,Fever
FEVER,852,Fever
SEVERE HEADACHE,404,Headache
NUMBNESS LEFT SIDE,410,Sensory loss/paresthesia
TOOK A LOT OF ALCOHOL LAST NIGHT,751,Substance misuse/intoxication
DOG BITE*,701,Bite
DEEP CUT IN THE FIGURE,704,Laceration/puncture
DIABETES*,853,Hyperglycemia
GENERALISED MALAISE,866,Minor complaints NOS
CLOSED HEAD INJURY*,407,Head injury
GENERAL BODY WEAKNESS,7,General weakness
DIFFICULTY IN BREATHING DUE TO SWALLOWING A COIN,656,Respiratory foreign body
COUGH,653,Cough/congestion
FEVER,852,Fever
GENERALISED BODY WEAKNESS,7,General weakness
PAINFUL SWALLOWING,103,Sore throat
TENSOLITES,861,Prescription/medication request
CHEST PAIN,4,Chest pain—non-cardiac features
FEVER,852,Fever
FRACTURE ON THE RIGHT FEMUR,557,Lower extremity injury
PUNCTURED WITH A STICK IN THE RIGHT EYE,510,Eye trauma
FEVER,852,Fever
BLEEDING LACERATIONS ON THE FORE HEAD,704,Laceration/puncture
SEPTICAEMIA*,852,Fever
NEONATAL SEPTICAEMIA*,852,Fever
ACUTE URINE RETENTION*,306,Urinary retention
ACUTE URINE RETENTION*,306,Urinary retention
MALARIA*,852,Fever
FEVER,852,Fever
PERSISTANT CHEST ACHE,4,Chest pain—non-cardiac features
FEVER,852,Fever
SEPTIC WOUND LFT FOOT,709,Localized swelling/redness
BLOODY STOOLS,260,Blood in stool/melena
PRESSED ON CHEST WHILE PLAYING,804,Isolated chest trauma—blunt
OVER CRYING,867,Inconsolable crying
FEVER,852,Fever
FEVER,852,Fever
BURNS ON THE BUTTOCKS,705,Burn
BODY SWELLING,9,"Edema, generalized"
VOMITING,257,Nausea and/or vomiting
FEVER,852,Fever
LOOSE STOOLS,254,Diarrhea
ABDOMINAL PAIN,251,Abdominal pain
CUT WOUND -UPPER RT EYE 2 RTA,704,Laceration/puncture
GENERAL WEAKNESS,7,General weakness
DIARRHEA,254,Diarrhea
BACKACHE,551,Back pain
DIARRHEA,254,Diarrhea
SLIGHT CUT ON THE SCALP DUE TO ASSAULT,704,Laceration/puncture
GENERAL WEAKNESS,7,General weakness
PAIN IN THE BACK DUE TO ASSAULT,551,Back pain
GENERAL BODY WEAKNESS,7,General weakness
FEVER,852,Fever
DIARRHEA OFFENSIVE,254,Diarrhea
FEVER,852,Fever
STI DUE TO A CUT BY A GLASS,704,Laceration/puncture
DIZZINESS DUE TO TAKING ARV'S,403,Vertigo
H/O OF DIZZINESS,403,Vertigo
DEEP WOUND ON THE UPPER LIP FOLLOWING RTA,704,Laceration/puncture
H/O HEADACHE,404,Headache
H/O OF HIGH GRADE FEVERS ASS. WITH CONVULSION,405,Seizure
H/O OF ABDOMINAL PAIN,251,Abdominal pain
H/O OF COUGH PRODUCTIVE,653,Cough/congestion
H/O FEVER HIGH GRADE,852,Fever
FEVERS ON AND OFF,852,Fever
ON AND OFF FEVERS,852,Fever
ACUTE BLOODY DIARRHEA*,254,Diarrhea
PHONYUGITIS*,103,Sore throat
CLOSED HEAD INJURY*,407,Head injury
MALARIA*,852,Fever
BLUNT ABDOMINAL INJURY*,806,Isolated abdominal trauma—blunt
SOFT TISSUE INJURY 2 ASSAULT,557,Lower extremity injury
TYPHOID*,852,Fever
SOFT TISSUE INJURY*,709,Localized swelling/redness
BRUISES IN THE FACE,703,Abrasion
AMPUTATED LEFT FINGER 2 TO RTA,553,Amputation
CUT WOUND 2 TO RTA,704,Laceration/puncture
STI 2 TO ASSAULT*,704,Laceration/puncture
BRUISES ON RIGHT SHOULDER AND HEAD,703,Abrasion
FEVER,852,Fever
COUGH,653,Cough/congestion
PRODUCTIVE COUGH,653,Cough/congestion
ABDOMINAL PAIN,251,Abdominal pain
CUT WOUND ON RIGHT KNEE,704,Laceration/puncture
CUT WOUND ON FOREHEAD,704,Laceration/puncture
BACKACHE,551,Back pain
DIARRHEA,254,Diarrhea
BRUISES ON THE MOUTH AND HEAD,703,Abrasion
FEVER,852,Fever
FEVER,852,Fever
DIARRHEA,254,Diarrhea
GBW,7,General weakness
HIGH GRADE FEVER,852,Fever
SWOLLEN LEFT JAW,104,Neck swelling/pain
GBW,7,General weakness
PAINFU LEFT ARM 2 TO FALL,556,Upper extremity injury
HIGH GRADE FEVER,852,Fever
FEVER,852,Fever
HIGH GRADE FEVER,852,Fever
DRUG POISONING,752,Overdose ingestion
INJURIES ON THE FACE DUE TO BURNS,705,Burn
HIGH GRADE FEVER,852,Fever
BACK PAIN,551,Back pain
LOW GRADE FEVER,852,Fever
HIGH GRADE FEVER,852,Fever
JOINT PAINS,554,Upper extremity pain
INJURY ON THE FACE + ARMS DUE TO FIRE BURNS,705,Burn
SEVERE HEADACHE,404,Headache
HIGH GRADE FEVER,852,Fever
HEADACHE,404,Headache
FEVER,852,Fever
ABDOMINAL PAIN,251,Abdominal pain
GENERAL BODY PAIN DUE ASSUALT,866,Minor complaints NOS
MINIMAL BLEEDING,999,Unknown
LARCERATION ON LEFT LOWER LIMB,704,Laceration/puncture
LIP LARCERATION,704,Laceration/puncture
SUBCUTANTEOUS ABSCESS,709,Localized swelling/redness
EPIGASTRIC PAIN,251,Abdominal pain
PAIN IN THE RIGHT HYPOCHODRUM,251,Abdominal pain
FEVER,852,Fever
FEVER,852,Fever
HEADACHE,404,Headache
GENERAL BODY WEAKNESS,7,General weakness
PAINFUL RIGHT SIDE OF THE BODY,866,Minor complaints NOS
LOSS OF CONSCOUSNESS,401,Altered level of consciousness
FEVER,852,Fever
HUMAN BITE*,701,Bite
SOFT TISSUE INJURY*,709,Localized swelling/redness
FEVER,852,Fever
LOWER ABDOMINAL PAIN,251,Abdominal pain
SOFT TISSUE INJURY*,709,Localized swelling/redness
BLEEDING FROM THE NOSE AND EARS,151,Epistaxis
LOSS OF CONSCOUSNESS,401,Altered level of consciousness
LOSS OF CONSCOUSNESS,401,Altered level of consciousness
STI 2 TO ASSAULT*,704,Laceration/puncture
LOC,401,Altered level of consciousness
FACIAL INJURIES,704,Laceration/puncture
LOOSE MOTIONS,254,Diarrhea
FEVER,852,Fever
FAILURE TO USE HIS LEFT HAND,409,Extremity weakness/symptoms of CVA
BACK PAIN,551,Back pain
BITE ON THE FOREARM,701,Bite
ABDOMINAL DISTENSION,263,Abdominal mass/distention
CHEST PAIB,4,Chest pain—non-cardiac features
DIB*,651,Shortness of breath
CUT ON THE DORSAL ASPECT OF THE RT FOOT,704,Laceration/puncture
FEVER,852,Fever
CONVULSIONS,405,Seizure
GENERALIZED BODY PAIN,866,Minor complaints NOS
CHRONIC LOWER LIMB ULCER,711,Other skin conditions
FEVER,852,Fever
CUT WOUND,704,Laceration/puncture
ARTI*,999,Unknown
PYCHOSIS,353,Hallucinations/delusions
BLEEDING FROM RT EAR FOLLOWING RTA,56,Ear injury
LOSS OF CONSCIOUSNESS FOLLOWING RTA,401,Altered level of consciousness
HYPERTENSION*,6,Hypertension
ACUTE GASTRITIS*,251,Abdominal pain
INJURIES ON THE HEAD,407,Head injury
EPISTAXIS,151,Epistaxis
BRUISES ON THE RT SIDE OF THE FACE FOLLOWING FALL,703,Abrasion
PAINFUL LT KNEE FOLLOWING RTA,557,Lower extremity injury
SKIN RASH RT THIGH,708,Rash
LOOSE BLOOD STAINED STOOLS,260,Blood in stool/melena
UNCONSCIOUSNESS,401,Altered level of consciousness
DIZZINESS,403,Vertigo
FEVER,852,Fever
DIARRHEA,254,Diarrhea
VOMITING,257,Nausea and/or vomiting
GENERAL MALAISE,866,Minor complaints NOS
FEVER,852,Fever
WOUNDS ON LT ARM FOLLOWING ASSAULT,704,Laceration/puncture
SUDDEN COLLAPSE,8,Syncope/pre-syncope
FEVER,852,Fever
ACUTE FEVER,852,Fever
ABDOMINAL PAIN,251,Abdominal pain
INJURIES TO THE LEFT ARM AND HAND,556,Upper extremity injury
SOFT TISSUE INJURY,709,Localized swelling/redness
SEVERE MALARIA*,852,Fever
FEVER,852,Fever
ABDOMINAL PAIN,251,Abdominal pain
FEVER,852,Fever
FEVER,852,Fever
WAS BURNT BY HOT TEA,705,Burn
ABDOMINAL PAIN,251,Abdominal pain
ABDOMINAL PAIN,251,Abdominal pain
SWOLLEN LEFT ARM FROM SHOULDER JOINT TO HAND,558,Joint(s) swelling
CLOSED HEAD INJURY*,407,Head injury